	Chiroderma_villosum	Carollia_brevicauda	Sturnira_ludovici	Artibeus_jamaicensis	Hsunycteris_thomasi	Anoura_geoffroyi	Glossophaga_soricina	Noctilio_leporinus	Mormoops_blainvillei	Macrotus_waterhousi	Pteronotus_pusillus	Desmodus_rotundus
G3P	2.512782145	15.1035804	16.03460752	15.50229882	14.05924917	2.868622433	3.224321626	3.643610544	3.998204437	2.197285084	5.452492666	15.08167769
K2C4	2.968667106	16.80217597	2.989807412	5.695629589	14.25387147	2.437007775	16.7188624	1.307677104	3.556653711	9.699813521	3.339115988	10.31492383
EF1A1	13.91124924	3.266693816	15.99407859	5.777823454	9.678539201	15.5850948	14.4684226	3.039919248	4.271048195	4.187022962	1.307677104	15.24863992
MYG	14.27528326	2.6428215	8.278849599	13.84156987	13.48115321	14.5606549	2.13748346	2.828232304	2.883909261	14.5719343	2.798538486	14.67636878
CALMS	1.307677104	1.307677104	1.307677104	1.307677104	1.307677104	13.01160914	1.307677104	1.307677104	13.77500563	1.307677104	9.861567799	14.21161331
S10A8	2.300774891	2.09646585	11.26044902	1.307677104	13.26333539	14.793448	14.35320823	14.20730133	3.328738606	13.90044522	5.301681847	3.521828922
K2C6B	14.0902843	3.266693816	14.68246207	13.55736765	12.27907723	4.184200037	2.907087382	17.79587218	4.071618283	13.38957637	2.384258549	7.802021677
ANXA1	2.300774891	2.09646585	7.470193272	1.307677104	11.4253153	14.6286735	11.73409648	3.376987041	3.197562257	14.94608684	3.339115988	14.77592198
K1C16	16.1704676	12.57628312	13.45147022	14.87843207	3.360272071	9.10731663	8.99911481	17.53644975	2.448549528	13.45368913	4.596129042	3.114599165
COX1	4.834226918	3.266693816	2.406119777	3.137922601	16.74539385	2.868622433	15.36505822	3.039919248	7.412774207	9.079949857	15.05242983	4.744828434
K2C6A	14.0902843	2.832942904	3.758320618	3.994210137	12.27907723	4.184200037	11.2867187	18.3055109	4.071618283	12.86472964	4.075379218	12.90936514
NU5M	14.32955167	2.09646585	2.093538931	3.488873829	2.945727097	3.53659792	3.954058596	5.425780716	2.448549528	15.45879278	2.384258549	14.81151308
S10A9	2.512782145	2.410119678	8.721141504	14.11033447	14.20527418	3.034333352	2.709086655	3.643610544	2.448549528	14.87062293	2.612130331	11.3166267
TCTP	2.01669322	13.0253887	14.49607359	12.91473422	13.65674417	13.84330011	2.466074274	8.145786798	2.448549528	3.191789112	2.612130331	7.8134021
MYH4	7.107358634	14.68993616	5.433096587	2.642303456	1.307677104	15.58883701	1.307677104	5.980124902	2.688353455	14.55811527	9.734085831	5.046172568
HS90B	1.307677104	13.73700709	2.827627227	13.54735492	12.86504862	8.076007398	12.92703328	9.401003451	2.124622121	2.804945452	2.612130331	2.157288903
ALDOA	10.24698408	14.63240745	15.52152152	1.307677104	13.75217116	11.81973679	10.4176164	2.211898723	4.071618283	11.24307518	4.459156613	15.21374161
ADT1	14.26275724	13.35029284	2.406119777	12.65304535	12.33778982	11.40917199	13.81041417	2.56710012	2.688353455	11.79940524	2.077554067	11.82097825
RL5	12.26634966	9.576569936	2.638077196	1.307677104	10.22503511	12.53181441	2.907087382	14.36288659	13.63762016	1.307677104	13.25834889	7.984243216
DESM	1.307677104	1.307677104	5.407649797	2.994953364	10.04045022	13.18516636	2.13748346	2.211898723	6.079594263	13.39505096	14.38373297	10.37950695
EF2	14.42474042	13.41204038	14.85118144	15.16429341	13.03288305	13.51202504	11.25128771	4.5717876	3.447681963	2.547311507	2.798538486	10.66114627
K1C24	8.358595507	7.270116263	2.093538931	8.923306101	15.91281261	16.74379747	2.907087382	3.219779621	3.197562257	7.895246394	1.307677104	6.205331563
AL3A1	4.483311039	13.6513943	12.22082232	12.81825547	12.40148025	5.259458472	9.208614703	16.53448079	2.124622121	13.55474721	4.975594375	2.493024408
FRIH	5.51372381	2.6428215	2.827627227	12.57131733	11.01207238	13.12148655	13.30907146	3.039919248	2.448549528	12.76738125	4.760273389	14.30639479
HSP7C	14.06159417	13.59890648	13.46065196	2.642303456	12.45246327	12.93650175	13.32572698	14.33306892	2.124622121	13.40606732	2.958179789	13.65550774
PYGM	2.68689769	11.70126471	9.130672019	14.08884411	12.01447486	15.23005073	12.40364825	2.828232304	3.447681963	13.89171194	3.098691955	12.38624021
TXNIP	12.07197106	12.49973863	2.406119777	13.27634321	12.3819473	10.40586474	12.26889617	1.307677104	3.050922541	2.547311507	12.88420469	12.29456836
EF1B	1.307677104	11.359024	11.5020312	11.25732523	2.006072899	7.304868916	3.076060543	14.26299182	2.448549528	11.66947426	3.796326033	1.307677104
EF1G	12.37239551	13.07239575	2.827627227	3.137922601	12.50596694	13.01786862	1.307677104	2.56710012	2.688353455	3.014006449	2.798538486	7.863531194
RL7	1.307677104	11.998696	12.96703491	11.91325055	11.27466868	2.116159092	1.307677104	14.37077603	12.52341121	10.06291419	12.69960211	11.98750898
K2C6C	6.156963555	3.266693816	14.68246207	13.55736765	14.3772189	14.53789566	11.93199575	3.039919248	4.071618283	13.23782132	4.075379218	7.802021677
GELS	13.55377226	14.35857291	6.226577764	11.84652145	3.170297345	12.50552651	3.871190418	15.39600754	14.68491052	14.04201653	3.631860602	14.57701603
K2C78	12.19061913	13.14644382	14.59339661	12.31564971	13.39100291	13.07368213	10.66803647	3.219779621	3.750908681	14.09511557	2.612130331	3.265313205
RL4	1.307677104	12.91153526	13.50018403	10.38854888	1.307677104	3.53659792	8.451458789	3.039919248	3.998204437	12.92903892	6.445716297	13.19957652
RL6	7.539862976	1.307677104	12.9826849	12.09095047	12.29240813	12.25938716	12.60283764	11.76115388	1.307677104	3.191789112	3.224664234	11.95961525
K2C3	2.512782145	1.307677104	4.555285181	7.545593578	13.98913569	14.12257104	1.307677104	12.10307626	5.853807616	4.998170181	3.098691955	1.307677104
G6PI	11.50610668	7.49308695	3.260207739	12.09345492	2.667274104	1.307677104	12.86685177	3.039919248	13.43728323	8.819539516	13.08786392	3.114599165
K1C13	2.01669322	2.410119678	3.482625525	10.72079677	13.99870771	3.898533689	2.709086655	2.56710012	2.124622121	14.50612137	4.075379218	9.457358118
MUC5B	2.01669322	5.310783082	2.827627227	8.941214144	1.307677104	1.307677104	2.907087382	3.517055674	3.050922541	14.7870323	13.6097556	1.307677104
RL13A	12.65924063	12.17376674	3.260207739	3.488873829	11.76394209	1.307677104	11.622591	3.643610544	2.124622121	12.84429264	3.631860602	4.158809015
CATD	1.307677104	12.17542392	12.65206145	11.46731422	10.98580187	10.08185443	12.38310691	3.219779621	3.050922541	2.197285084	4.137113892	12.8866519
GLNA	13.96562061	2.410119678	12.73724371	9.631603689	10.95818646	12.20092585	12.96519602	3.039919248	14.53474229	15.11218802	3.796326033	14.19124577
RL21	10.87285749	2.09646585	1.307677104	2.096146189	9.262578106	9.325774041	11.13837701	13.63024505	12.83965204	2.804945452	3.631860602	3.265313205
CRNN	1.307677104	12.25885158	4.458617828	10.66934945	10.74202589	12.12898547	9.787501776	1.307677104	3.050922541	12.61061508	3.098691955	12.27515366
RS6	11.77074838	3.680031809	1.307677104	3.679221374	11.87761813	11.62062612	11.84190577	3.039919248	13.8394056	12.09969572	3.224664234	6.205331563
ADH7	11.10153121	11.86835594	11.41202836	6.880645801	10.68147774	1.307677104	11.24779616	1.307677104	3.050922541	13.78901862	3.224664234	11.88843515
RS23	12.16670057	8.429561513	12.54871887	2.832362516	1.307677104	9.87429011	10.53439949	13.68585694	2.448549528	3.347297238	2.958179789	11.38304561
NLRC3	11.37639174	13.58338683	16.06206121	8.646008555	13.78125397	14.48997067	12.18113922	2.828232304	14.63567766	13.27985663	14.92957338	2.157288903
RL7A	11.89356687	2.6428215	13.2342328	4.609227465	11.25280325	12.71127237	12.38219725	3.039919248	3.050922541	11.83052339	3.224664234	11.94255164
MYPC2	7.247195137	9.970487866	4.886922148	1.307677104	11.20154457	9.442881291	12.9132453	11.63375881	2.883909261	1.307677104	13.71471868	12.2463201
ADA	10.48909469	12.26908741	3.838912523	3.587463135	5.511954812	4.714920026	10.31076064	4.900252509	3.838427792	14.44189273	13.9507687	1.307677104
ISK5	11.35739815	11.25180492	2.827627227	1.307677104	10.08434453	8.118053272	11.37120822	12.7884693	2.448549528	12.5882581	2.798538486	11.95929515
PDK4	3.087464836	12.87499673	12.39567958	13.65596852	13.1785247	12.54824465	13.4016432	5.166912317	3.197562257	8.903884241	3.098691955	12.54227147
GBRAP	1.307677104	1.307677104	9.122900398	1.307677104	8.503043016	9.809054737	10.78827858	12.17128438	2.448549528	9.158078621	1.307677104	11.0944506
RS3	1.307677104	10.46290659	5.185945867	12.15421382	12.3308493	11.92206796	11.12484509	2.828232304	2.883909261	12.100015	3.098691955	11.33598804
TYB4	10.04688091	1.307677104	2.989807412	2.096146189	11.07513587	7.143205581	1.307677104	3.964362386	11.84254832	1.307677104	11.65925813	1.307677104
RS3A	12.05179925	7.255861754	2.827627227	3.265985777	11.28428127	2.116159092	9.626287421	3.643610544	3.197562257	12.45906244	13.47832745	12.16898212
CLCA1	1.307677104	3.846669426	2.406119777	1.307677104	1.307677104	2.116159092	1.307677104	3.643610544	3.657310466	12.99284032	14.22165324	2.493024408
BPIA2	2.968667106	1.307677104	6.338289794	4.931737332	2.006072899	4.184200037	1.307677104	7.005365983	4.20769823	18.06872143	7.221805938	5.08445402
RS27A	11.24004996	11.89934222	2.093538931	11.56258174	3.601181518	10.35139061	10.6477416	2.56710012	11.80754129	2.197285084	2.798538486	11.39729411
RL27	10.21253832	1.307677104	11.01279008	9.352630429	1.307677104	7.076515413	9.595222538	13.00775819	12.31302336	2.804945452	2.798538486	11.78819317
TAR1	10.36845972	8.176949055	15.09625389	12.69421765	13.83789259	13.14009692	12.87818756	3.039919248	10.21208389	2.197285084	13.69647903	4.837632731
DSG3	11.35202136	4.308421579	14.07943043	12.68328625	12.22573428	9.094738133	11.90025842	15.33657861	9.135791844	12.84353012	2.384258549	2.493024408
SDC1	2.968667106	8.142503662	10.90872548	1.307677104	1.307677104	11.29239601	9.787501776	13.7293011	10.12208182	7.573372452	3.098691955	2.157288903
ANXA2	9.183385985	8.924492484	10.13400634	3.382245389	13.25907628	1.307677104	12.86163988	4.689937445	9.388317544	12.55580608	3.87160932	1.307677104
CD24	8.835907137	9.666854113	1.307677104	1.307677104	12.28644154	8.462875705	1.307677104	12.25847129	3.197562257	6.631085561	12.51729339	4.297223268
LY6D	12.38922665	8.580141231	8.639063314	1.307677104	10.45642892	13.15708461	11.20419579	3.039919248	2.448549528	11.96420546	2.077554067	5.739696055
CP2BB	5.306208805	11.99306887	12.31591314	4.250228849	11.26568498	10.33633188	1.307677104	2.56710012	1.307677104	1.307677104	2.612130331	7.269034246
GBLP	10.15735146	5.417433852	11.9890544	2.409682878	1.307677104	12.37659366	11.19178933	13.8751445	13.97054149	13.37974835	12.68005877	11.37586825
RACK1	10.15735146	5.417433852	11.9890544	2.409682878	1.307677104	12.37659366	11.19178933	13.8751445	13.97054149	13.37974835	12.68005877	11.37586825
RL8	12.58884527	12.51571232	5.768878542	11.79698227	11.4299623	12.70421694	11.94591439	3.219779621	3.050922541	3.485943229	3.71660817	13.17207911
IBP5	11.15769711	11.50925434	13.06356897	11.96531767	13.09105821	11.98703385	1.307677104	3.219779621	2.883909261	11.31909546	10.87280424	13.4104904
A2ML1	2.68689769	12.0112111	2.638077196	1.307677104	1.307677104	12.44343032	9.084362548	5.980124902	12.15798858	9.674310962	9.011180893	11.05185167
TELT	2.968667106	11.92320999	13.14951177	7.700842188	12.52085471	12.46863104	13.95476478	3.643610544	5.971127291	12.47145447	13.09013469	2.942653335
DDX3X	8.581731145	2.09646585	2.827627227	12.3040194	11.74715881	2.116159092	1.307677104	3.219779621	2.688353455	11.75468046	3.339115988	9.373357252
TKT	11.03136428	12.22655963	7.23804318	10.31662997	11.61817902	11.52112176	2.13748346	2.828232304	14.52225138	13.66157011	3.098691955	11.45383041
VDAC1	12.18079599	5.254322629	2.827627227	12.20535661	11.51056122	11.00204232	1.307677104	10.83875387	4.271048195	9.331250363	2.798538486	12.82877906
PGK1	10.39680563	8.331040785	2.638077196	1.307677104	8.317540906	10.86185301	11.5409867	3.759186026	2.124622121	1.307677104	11.10753183	11.87695726
RL18	2.01669322	1.307677104	1.307677104	2.642303456	11.1825776	9.86320839	8.792792027	4.056457749	12.40956563	11.49011152	2.612130331	5.666119093
CMYA5	11.89818564	12.07398609	6.391055351	13.31559293	3.525696198	9.10731663	14.43788695	1.307677104	12.52401037	8.978020766	6.033195595	4.084063995
PDIA1	7.837928315	11.80216871	12.53615632	11.20547853	10.73703447	10.47301004	2.13748346	13.99050353	2.124622121	12.48789466	2.612130331	10.23043469
ATPA	6.938200598	13.02512614	13.02343283	10.25174014	7.627571403	2.67468824	14.04783652	13.55841428	2.448549528	13.11128897	6.717330815	13.50288545
COX7S	9.271464644	9.779479584	9.915243813	1.307677104	1.307677104	9.960006642	9.943639887	10.72689423	1.307677104	1.307677104	5.072160303	1.307677104
IPSG	2.968667106	4.467390921	1.307677104	5.652698662	5.051327653	1.307677104	2.13748346	8.48208667	6.473247831	14.8803211	11.43728707	1.307677104
RS8	6.156963555	5.653784821	12.85186936	2.994953364	12.11562723	12.0087069	5.166951231	14.9586791	3.556653711	12.23812515	3.444161633	7.778987854
KLF5	12.07135772	11.67104155	11.07603868	10.50975517	7.751565966	1.307677104	11.24078761	3.039919248	8.999969368	10.86064207	2.958179789	1.307677104
RLA1	12.23729851	12.20886756	3.581020933	12.6695884	10.8587537	12.68284124	11.92482958	3.964362386	2.688353455	12.13190365	4.19621677	13.19305745
RL40	2.300774891	9.618942655	11.16623439	9.936192178	8.786198328	10.75399513	10.91255719	13.84541912	2.688353455	2.197285084	2.798538486	11.48485153
RHCG	1.307677104	7.517188931	8.480851136	12.22353426	6.97237079	4.184200037	6.804791309	15.78599621	2.688353455	11.87037316	3.541351041	6.51533731
ACOD1	1.307677104	1.307677104	6.785204916	13.75317807	1.307677104	9.449482648	1.307677104	1.307677104	3.197562257	2.197285084	1.307677104	8.630710327
YBOX3	11.90187003	11.05906489	9.782183209	5.515618524	11.63839701	11.79435637	11.23827628	3.964362386	2.124622121	12.05626016	12.78824448	1.307677104
NUDT4	2.01669322	10.61579995	9.889137324	11.95764014	2.006072899	8.920377887	9.301998923	1.307677104	11.2120523	10.84167483	3.444161633	11.97774419
RL35A	11.26386623	9.338686651	11.40082467	2.409682878	10.06535466	11.140556	10.93939736	1.307677104	1.307677104	10.76562646	12.3587992	11.0452313
MDHM	5.51372381	11.86337104	3.581020933	11.84978411	8.395641057	10.45589983	14.23474384	13.0033519	3.328738606	11.11749652	8.233017076	1.307677104
TPIS	12.30686207	12.9521515	11.95744987	4.128124102	12.54561677	11.68916542	12.24482745	12.82248369	6.319616467	11.51809693	2.384258549	2.740933516
NIPS2	11.84606924	11.89158581	11.34095271	12.60733766	7.813580974	12.00647025	13.0662103	3.643610544	11.85212362	1.307677104	3.098691955	11.31011474
CHCH2	11.17683073	1.307677104	2.093538931	2.832362516	1.307677104	1.307677104	10.49539126	2.828232304	3.556653711	2.197285084	12.12864911	1.307677104
PDLI3	2.300774891	11.29947948	11.16102622	12.58775333	2.815115171	3.310156144	3.076060543	11.03318628	2.883909261	9.474069197	3.224664234	9.74864895
TGM3	13.40666514	7.952327173	14.94720572	3.382245389	12.7626698	14.07453627	13.47877201	14.15367534	12.50855257	7.393316047	2.958179789	10.39663008
MUCAP	1.307677104	2.09646585	1.307677104	2.409682878	1.307677104	1.307677104	1.307677104	3.039919248	3.050922541	1.307677104	16.30255337	2.740933516
AT2A1	10.84776738	13.79736681	13.00624218	13.40953651	12.31200851	12.91116909	14.85421139	6.732871862	3.197562257	13.09936132	3.631860602	15.3362345
ZG16B	1.307677104	2.410119678	1.307677104	4.362496858	3.74040475	2.116159092	2.466074274	4.300851073	5.092470025	9.128335064	16.06404573	2.942653335
CYTX	8.071796349	3.99508647	15.83528211	8.995785563	1.307677104	1.307677104	5.233316135	3.865635621	6.062074891	8.493779033	6.697389506	1.307677104
KPYM	12.71632582	8.580141231	5.328479675	4.466433694	12.12559227	13.55004996	2.13748346	3.759186026	4.499153017	11.83052339	10.6582439	12.23049108
BPIB1	5.350186172	6.362010547	3.482625525	5.002101665	2.286167449	3.310156144	5.833732845	1.307677104	6.563117143	16.84850977	9.356003092	2.493024408
TNNT3	11.59953547	11.67372406	11.81490072	12.57149699	4.561939472	13.90486316	12.97367547	12.99289937	3.050922541	12.18041668	2.798538486	12.97321735
LYG1	9.544412838	11.29556622	4.730779929	1.307677104	9.173754276	11.66135747	2.13748346	11.21794924	3.050922541	11.96350378	3.339115988	10.02187481
SLPI	8.19103185	11.52605167	12.48174773	7.901704022	12.83078632	8.872055814	3.356869179	2.56710012	3.197562257	1.307677104	2.958179789	4.645523405
PABP1	8.996153982	8.630719496	2.827627227	12.95632969	2.495356938	7.965196305	3.782952532	5.125787658	14.28606582	12.93262857	4.359824855	9.859835298
ACOD	9.187920002	4.858724017	6.785204916	10.50374243	10.52868669	1.307677104	1.307677104	10.94256102	4.389731926	10.60663744	1.307677104	1.307677104
RS15A	11.45561146	10.43866581	1.307677104	11.2045521	10.69338013	10.68644266	3.871190418	13.36988134	12.30653732	10.96178028	11.9409076	2.493024408
GBB1	9.100841943	1.307677104	8.774202761	10.29850997	8.194755944	1.307677104	1.307677104	12.71384239	2.883909261	9.12582853	4.680578385	10.56764814
TNNI2	12.73555145	13.06794182	4.555285181	11.59440435	12.56038557	14.32398149	14.28312026	3.219779621	12.66938748	12.48862642	3.94294925	9.812419269
S10A2	1.307677104	2.09646585	2.989807412	4.819205435	2.006072899	4.184200037	2.466074274	13.75992391	12.42654233	6.187204797	2.798538486	2.493024408
GNAS	4.834226918	11.46541768	2.638077196	12.83016738	2.006072899	9.982940005	10.95722097	3.759186026	11.71016173	3.347297238	5.008514992	10.22085283
1433Z	10.59701102	10.4875093	3.376216502	2.832362516	11.85958952	1.307677104	9.844092423	12.50255149	9.354581236	10.36556194	3.224664234	11.31812529
RPTN	3.63066857	9.116153151	10.47044449	8.260232364	11.61627747	10.98283019	11.99969077	11.21001704	2.448549528	3.61128586	2.798538486	13.86830539
KTDAP	12.37256147	12.79193904	11.77361751	9.22321764	11.31742977	11.75825594	1.307677104	8.861317463	3.197562257	10.23209867	3.71660817	13.00643969
LEG1H	3.836121449	7.346092647	3.581020933	2.642303456	2.006072899	2.116159092	2.709086655	3.219779621	5.833288622	16.3211183	8.243363899	2.740933516
ODO1	10.89567212	11.99091941	12.11901884	11.0848027	10.89863775	12.05543394	9.668684235	11.63649298	2.883909261	11.13193243	2.958179789	1.307677104
6PGD	5.642959718	9.512081514	10.0898406	6.935300896	7.272075263	10.27633185	2.13748346	13.26379717	12.47092952	11.46752362	2.798538486	1.307677104
RS25	1.307677104	10.76350616	2.638077196	10.92018728	10.24556597	11.40705393	2.13748346	2.828232304	6.943735088	1.307677104	3.87160932	7.868995052
RL31	11.18403549	2.09646585	7.855059602	9.572509569	10.41702464	10.92656966	10.72439398	9.876958274	1.307677104	10.18230826	11.99701373	1.307677104
RLA0	13.93324429	13.77153865	13.58412144	13.33498324	12.81025925	14.09770333	11.59301919	8.784509327	2.688353455	12.9477857	3.631860602	14.05333742
CD63	10.55667912	2.09646585	10.69736115	1.307677104	2.667274104	7.230141712	10.03560294	2.211898723	11.02661782	10.36449925	3.224664234	9.698900418
RL37A	10.3093469	2.832942904	11.99731351	9.546423231	1.307677104	1.307677104	10.5723807	9.8010023	3.050922541	5.712445836	3.098691955	9.484305572
RL37P	10.3093469	2.832942904	11.99731351	9.546423231	1.307677104	1.307677104	10.5723807	9.8010023	3.050922541	5.712445836	3.098691955	9.484305572
GNAS2	4.834226918	11.46541768	11.96589137	12.83016738	2.006072899	9.982940005	10.95722097	3.759186026	11.71016173	3.347297238	5.008514992	11.1799025
RL26	10.67282574	8.571536387	12.19186437	10.74329893	7.472812499	1.307677104	4.032201252	1.307677104	4.20769823	11.45159908	11.18471809	10.56259961
EF1A2	11.60180247	11.49605319	3.482625525	4.362496858	7.747600047	12.6320601	11.3885251	2.828232304	12.12966167	11.89560552	3.339115988	11.73233897
ODPB	9.929953714	10.03866723	2.093538931	7.087834629	1.307677104	9.90222928	9.027318441	2.828232304	13.77046807	9.915429323	5.162604095	2.740933516
EIF1	2.300774891	10.37992044	9.091388361	12.20628252	12.3935719	10.4126372	10.56438291	13.26438651	1.307677104	12.74571083	12.77300099	12.70040364
RL39	11.05802679	7.691460643	12.46839389	11.01518156	6.557734997	1.307677104	2.466074274	3.039919248	6.575509919	11.36498328	11.77817745	11.36382604
PRDX1	13.54856678	13.17062191	14.2925742	11.69182778	12.29155727	11.59480505	4.588379028	12.32495437	3.750908681	12.17799914	3.541351041	13.26759832
NDUS2	11.13791583	10.95153869	4.507780409	12.44326111	11.42003054	10.89970523	2.13748346	12.07681101	2.883909261	11.25401962	12.51427049	4.744828434
HOP	3.771056358	12.3069457	12.35582965	11.99374993	3.170297345	13.24354477	12.40162967	6.574501521	11.68180365	6.5435919	6.140555483	14.76282146
K2C5	4.80279714	10.0282243	3.672606353	11.46885823	4.886918645	10.00215077	1.307677104	9.112405507	2.883909261	3.014006449	4.075379218	13.62949026
GBB2	3.087464836	2.832942904	10.85813103	9.374212973	7.98507203	1.307677104	8.736958391	12.12984241	1.307677104	9.446212408	3.87160932	10.81977883
LDHA	9.211863664	10.28574365	12.7941663	2.096146189	9.846455706	12.0570558	13.28250369	4.5717876	3.050922541	12.29109918	12.19966004	12.57062857
VGA	1.307677104	1.307677104	1.307677104	15.21304365	1.307677104	1.307677104	1.307677104	1.307677104	1.307677104	1.307677104	1.307677104	1.307677104
ACADM	12.06972088	6.177555363	6.987132288	11.77717886	8.423250464	1.307677104	12.59775282	2.828232304	12.68786412	9.39508957	3.098691955	8.975249153
TALDO	3.087464836	9.582292056	3.9149904	11.43212981	12.09060495	11.29147774	1.307677104	3.219779621	2.124622121	8.201727796	3.541351041	4.791988699
APRV1	11.98910137	12.21854467	13.42850323	1.307677104	12.97819779	12.67388441	10.34010068	2.828232304	7.824363091	11.75508599	11.02947297	12.04323982
MEGF9	6.384892159	9.922800654	5.458099449	4.062790101	11.38472086	10.77910685	10.24222837	11.0241669	10.94425732	1.307677104	2.958179789	1.307677104
K2M3	1.307677104	8.752451674	8.728842225	11.00404315	6.483325927	6.167794137	1.307677104	8.314638231	12.53296806	1.307677104	1.307677104	5.960852271
CALL3	9.972621813	9.810281033	2.638077196	11.01306658	10.10153502	9.981801954	9.407696133	3.643610544	3.750908681	1.307677104	1.307677104	10.67602686
CYTB	2.512782145	5.58687586	10.10963693	14.15231799	9.130252636	2.67468824	2.709086655	5.039805034	2.448549528	2.197285084	3.796326033	10.01079689
DPCA2	9.775853425	9.830856585	10.80812272	10.80633265	1.307677104	10.27168306	1.307677104	2.828232304	11.73659521	9.556413203	10.53170788	11.25119171
RL19	12.17680991	11.34562887	12.38150079	12.118755	11.32010244	11.77609086	9.722863193	3.643610544	2.448549528	11.24596336	5.89980641	2.740933516
RM49	1.307677104	1.307677104	6.87125711	1.307677104	4.234328732	6.290651505	7.209558495	13.02525002	1.307677104	5.738987206	10.64529816	1.307677104
RL27A	1.307677104	10.77104142	12.7143155	9.669696444	6.187678693	10.73453247	3.871190418	14.09640749	4.867737135	11.7728172	12.20496338	9.729255326
SODM	10.16273581	11.0503182	10.93392781	10.87839239	9.630898257	1.307677104	3.224321626	13.27524611	11.37280046	11.36710716	2.612130331	8.870198236
ELAF	2.01669322	12.85386339	12.63986039	11.18307834	11.96239215	8.126317352	11.27843118	3.219779621	10.03620501	10.43199577	2.958179789	11.39303432
RL15	2.300774891	9.806619394	12.35707236	3.137922601	2.286167449	11.17033251	9.222911933	2.211898723	2.883909261	2.547311507	3.339115988	2.942653335
DYHC1	10.77580381	1.307677104	9.39546554	2.642303456	10.46792285	10.92242346	10.57556745	3.376987041	2.688353455	6.280400014	2.958179789	2.157288903
MAL2	9.148143521	9.209694156	11.80400686	1.307677104	10.73453228	12.78130032	10.41227924	5.125787658	4.389731926	5.041618297	1.307677104	9.776532604
ADT3	12.40586369	7.443639832	14.19773027	11.82859408	11.85268376	12.65455289	8.485741692	12.07075904	3.556653711	1.307677104	11.46186095	11.900156
RL3	3.63066857	11.55106893	13.35639171	13.12714829	3.360272071	11.03093946	11.23374484	14.5575774	9.727671224	11.58166428	3.87160932	8.327605795
RS11	6.525375456	10.76602229	12.34459685	11.80403324	1.307677104	10.43941353	10.51544211	12.16150961	3.197562257	3.831347969	12.28539176	8.009199753
COX41	12.12060734	9.590832905	5.955785556	2.096146189	3.525696198	4.714920026	11.35507246	4.5717876	3.197562257	11.42737776	12.35244095	10.67134429
TFF3	1.307677104	1.307677104	2.827627227	1.307677104	1.307677104	1.307677104	2.466074274	3.219779621	2.688353455	9.7975413	13.69585135	2.157288903
PDIA3	10.1496245	10.37498397	2.989807412	6.703023668	11.1363162	10.30664376	7.681328842	3.219779621	11.69640679	11.20736586	2.384258549	1.307677104
TPM2	1.307677104	1.307677104	1.307677104	1.307677104	1.307677104	1.307677104	1.307677104	1.307677104	1.307677104	1.307677104	14.98540736	1.307677104
ACTBM	9.105642506	1.307677104	1.307677104	9.36263174	2.006072899	1.307677104	9.769526014	6.543738772	6.02638285	10.60753599	1.307677104	1.307677104
POTEE	9.105642506	1.307677104	1.307677104	9.36263174	2.006072899	1.307677104	9.769526014	6.543738772	6.02638285	10.60753599	1.307677104	1.307677104
POTEI	9.105642506	1.307677104	1.307677104	9.36263174	2.006072899	1.307677104	9.769526014	6.543738772	6.02638285	10.60753599	1.307677104	1.307677104
POTEJ	9.105642506	1.307677104	1.307677104	9.36263174	2.006072899	1.307677104	9.769526014	6.543738772	6.02638285	10.60753599	1.307677104	1.307677104
IF4A1	5.642959718	11.54997433	11.22095226	2.832362516	6.078122934	3.179893854	1.307677104	9.781371581	3.657310466	2.547311507	3.631860602	11.87492224
BTBD1	9.534953199	5.563861277	10.20933237	1.307677104	2.667274104	9.868144111	5.790419916	10.89311602	1.307677104	1.307677104	2.798538486	9.621714513
SDC4	8.788926961	2.832942904	2.827627227	11.40052231	10.99837131	7.076515413	7.687234016	7.253577818	10.97671772	1.307677104	10.90357294	1.307677104
EMP1	4.634269711	14.70509416	14.14150639	11.84770873	12.37537711	10.76660563	13.71898811	9.069884678	2.883909261	14.64858208	14.28853983	9.826527659
FOSL2	2.512782145	8.922238248	1.307677104	11.28212716	5.874665896	10.54335332	10.72869438	5.644961564	2.448549528	11.15731313	3.224664234	10.47126445
GPX2	3.195681214	10.42041379	11.60951948	10.74457423	1.307677104	9.788374051	8.246787779	6.634123987	13.39990638	12.03036124	9.501023347	3.265313205
NDUS3	9.860650892	2.09646585	1.307677104	10.82634495	1.307677104	10.58366968	7.51863912	3.039919248	4.695402182	9.528219231	3.098691955	10.01449899
RL12	11.8009063	2.995584034	10.67627613	6.723875596	11.03462226	3.636649755	11.08179078	3.376987041	3.920648455	11.02838045	4.137113892	2.157288903
UCRI	10.60268177	10.73874117	11.02795409	9.754430934	11.32410219	11.21895573	3.782952532	3.039919248	3.197562257	10.37297894	1.307677104	9.834926938
STIP1	1.307677104	2.832942904	3.581020933	1.307677104	1.307677104	9.731279415	8.499229931	10.1371855	3.050922541	9.548948522	9.536512795	1.307677104
COQ8A	12.8937852	8.777608761	8.832546621	13.84022842	7.699138415	3.034333352	12.7579828	11.66979513	12.33322027	2.547311507	12.85019786	6.816293872
RSSA	3.295242023	1.307677104	10.78676323	1.307677104	3.170297345	1.307677104	10.13182811	2.56710012	4.071618283	2.197285084	4.551933483	11.75390766
LAP4A	11.28235753	1.307677104	5.902219932	9.357639751	10.00683759	11.44223111	8.79552778	10.83161345	12.04174062	1.307677104	3.796326033	8.997867288
ALDH2	13.29718	11.3227387	7.004160597	12.25877037	10.40574547	8.740968077	11.48192109	3.517055674	5.893987281	5.415944047	12.10709446	1.307677104
AATM	6.298001141	12.62075042	13.10483961	5.874365266	8.669483543	12.57036937	13.841274	12.76408954	7.575787383	4.650019417	12.62342355	2.942653335
GPX1	3.957600932	1.307677104	11.84562245	4.653787074	9.303670177	4.920437368	10.76543722	13.77994952	12.19983765	10.51861768	10.13966427	9.077892516
IF2P	9.887844147	1.307677104	5.728392474	1.307677104	9.083826492	1.307677104	1.307677104	10.98680065	8.528749749	8.964056514	8.098901611	9.032360992
AT5F1	11.27527351	11.38176022	11.75205203	11.67687581	10.94482752	12.22011446	9.110962688	3.759186026	2.448549528	11.48131485	2.612130331	11.9560903
NUD4B	10.77278889	7.778783178	1.307677104	1.307677104	9.558049655	1.307677104	1.307677104	10.70013566	7.890295419	4.106331732	3.444161633	2.740933516
UBP13	11.87821918	2.6428215	11.0398684	12.72942486	7.145152748	7.814799511	12.34999227	1.307677104	11.19208435	8.535925552	4.459156613	10.10525017
LAMP1	11.22542215	11.43964426	4.299877955	9.150035739	5.47394175	2.437007775	12.40028238	3.039919248	2.124622121	9.262174199	11.38762432	6.116147834
HSPB6	3.195681214	9.975931963	3.987056187	5.817221747	9.740705622	12.37290872	13.98331462	10.77649011	11.96409557	11.75061893	3.541351041	11.95833445
UD17	4.737770053	4.416376062	1.307677104	2.096146189	11.04556453	1.307677104	1.307677104	9.317141899	10.87392963	3.347297238	1.307677104	1.307677104
FABPH	2.300774891	8.420006769	6.429398343	10.65246396	7.051729084	1.307677104	3.782952532	9.031622264	9.320037079	1.307677104	11.93134072	11.1799025
ANK1	1.307677104	10.05522025	10.33573736	9.641221587	1.307677104	10.13503524	2.466074274	5.356468847	8.705369715	6.829066134	9.698181836	1.307677104
PYDC1	4.634269711	9.215228805	11.5050239	1.307677104	6.19935231	1.307677104	1.307677104	6.173497683	10.01817192	9.298239164	8.495008586	1.307677104
CAH2	1.307677104	2.09646585	3.260207739	1.307677104	4.524927386	1.307677104	5.652047872	12.4041024	12.05313205	3.014006449	6.469432553	4.297223268
SBSN	3.63066857	10.79218003	11.20861391	2.409682878	12.17422578	11.2281029	6.207371164	12.0871747	11.34594275	10.32133668	2.612130331	10.91065629
KLF4	11.9251394	10.2412266	10.60623741	7.013584198	2.006072899	4.881642848	11.02755578	13.84413842	3.657310466	4.335597294	11.8681173	7.77317146
LRC15	11.87587947	11.57673506	2.638077196	12.02688311	10.04206999	9.771349929	8.409213988	4.442837689	11.15491474	7.975402471	1.307677104	4.005045296
MYOZ1	2.300774891	10.92420161	3.260207739	12.06897633	7.491905272	4.841760571	14.00260608	8.249449764	4.20769823	7.652137079	12.14896957	10.35732742
RNF10	9.065141054	12.0481179	9.470872353	11.86129261	11.36738273	10.57237324	11.01821744	12.39525053	2.688353455	1.307677104	4.680578385	11.0903638
SERC4	10.69369901	7.803491412	2.638077196	6.016496857	9.482519407	1.307677104	10.84351782	1.307677104	10.81313018	1.307677104	5.567077985	7.349421064
ILF2	9.908136914	1.307677104	9.768550066	7.378183549	8.852317192	1.307677104	10.3316439	3.964362386	10.42209167	1.307677104	8.949326196	3.265313205
RLA2	10.10796606	10.66381384	10.57524938	9.710729529	1.307677104	8.724732564	8.756746912	13.29109458	4.600682305	3.014006449	3.87160932	11.57994445
RL28	5.930057073	10.35923942	11.68304081	2.096146189	8.872486733	10.91767032	10.06651	13.1657862	12.37831819	9.894966946	3.631860602	3.114599165
SRBP2	8.927321483	10.18592695	3.9149904	8.366770243	9.86396159	9.414483567	5.627631851	11.93075757	12.39238679	1.307677104	9.95160677	1.307677104
CALR	11.16806077	10.54431227	5.093064582	9.344242711	5.530590065	6.348360022	11.71904541	2.56710012	2.448549528	2.197285084	11.11036078	11.38733496
PPIA	6.81067413	12.32582851	2.093538931	2.832362516	11.76394209	8.727451203	11.86813208	7.465271863	7.045209391	2.804945452	7.693690632	2.157288903
BPIA1	1.307677104	1.307677104	1.307677104	7.203672142	1.307677104	1.307677104	1.307677104	1.307677104	2.448549528	8.337908383	12.67258147	1.307677104
RL10A	9.711179629	10.57117731	7.945965797	10.4794377	11.10100845	11.50457601	11.90121124	13.64683848	7.071688011	1.307677104	2.798538486	12.52939133
QORX	4.401297932	2.6428215	6.83364447	6.953068257	1.307677104	1.307677104	2.709086655	10.69489876	11.54089773	8.616695182	11.06636184	3.921209105
VIME	1.307677104	9.550535764	7.201603473	10.53134366	11.19282156	9.949566482	9.43952703	2.828232304	11.54208138	3.485943229	9.721805817	13.31989676
CLUS	8.353222883	7.875173703	8.014778586	1.307677104	2.006072899	10.74932123	9.43952703	2.56710012	1.307677104	11.3256629	2.958179789	7.737771747
PSB5	9.192439813	9.256970091	8.64721361	10.45860721	2.945727097	10.21663312	1.307677104	3.643610544	2.448549528	2.804945452	10.51044812	10.77900778
FHL1	3.195681214	1.307677104	2.827627227	6.425973579	11.39077209	14.06375319	4.482458088	4.948305047	2.688353455	2.547311507	3.71660817	4.696045918
K2C1	13.16035926	11.30900077	8.326998393	6.671168891	9.880352431	8.40291576	8.666974121	1.307677104	2.883909261	9.092840973	2.958179789	2.740933516
CA2D1	9.813505902	10.6365733	2.406119777	10.02283303	7.472812499	9.666175173	9.86768212	3.376987041	1.307677104	8.113387618	2.798538486	1.307677104
LAT1	1.307677104	9.187340749	10.83572269	10.77109833	10.85415085	11.96387796	7.805965225	13.34613712	8.221103302	1.307677104	9.370235131	10.19498563
UBIM	9.776856974	2.09646585	11.10245996	10.75536899	11.42779557	10.95526409	10.05285521	11.04283681	3.998204437	11.08882758	1.307677104	6.966614306
ARPC2	1.307677104	6.335125923	3.132434982	5.390441308	10.82245591	10.54412453	9.878043879	10.35535794	2.448549528	11.23786185	10.9192525	10.79200776
DDX5	8.748573172	7.4182656	1.307677104	8.905172959	9.441377668	11.00652589	9.747090035	2.211898723	11.72725973	4.187022962	3.224664234	2.157288903
TOM20	10.84250486	1.307677104	2.638077196	11.18777381	4.700991947	9.538863616	3.076060543	4.056457749	10.157524	9.759240888	10.63157894	10.02799265
CCNG1	10.97956801	11.6208412	5.846581156	12.51039736	10.9908428	2.437007775	13.08673647	12.44704585	12.3526887	9.965350423	3.098691955	12.05736603
PP1B	3.195681214	7.52315201	12.13721632	10.02283303	12.56095059	12.03555392	10.47249586	2.828232304	5.224762652	11.91931903	5.274927053	12.52008931
B2MG	9.912709368	10.56613296	10.02772754	2.096146189	7.731626413	10.54720525	10.6665429	3.759186026	3.050922541	11.7966502	3.224664234	11.86743583
KRA71	9.58049404	2.09646585	10.86629978	11.28036966	7.070904401	1.307677104	3.782952532	10.28623593	8.443480834	6.889444957	1.307677104	9.357897904
TPM1	1.307677104	1.307677104	1.307677104	1.307677104	1.307677104	1.307677104	1.307677104	1.307677104	1.307677104	1.307677104	14.40342506	1.307677104
ARF1	7.309564308	11.91586445	6.211983986	2.096146189	11.87648373	10.93835069	2.13748346	13.00652579	5.585819252	6.450439053	11.18963076	6.686098946
ITM2B	2.01669322	11.70389166	12.14443153	3.137922601	6.090715889	11.8945142	10.19120365	13.13050107	13.00428937	10.71816212	9.691900162	11.48351656
ACTF	9.105642506	10.64069231	1.307677104	9.36263174	2.006072899	1.307677104	5.200518728	3.964362386	2.883909261	10.60753599	1.307677104	3.633371943
ISK7	10.84298407	11.65518026	11.92904224	6.871331692	11.68449878	9.09684218	1.307677104	2.56710012	5.092470025	10.83171243	4.459156613	7.707593459
LCE3C	1.307677104	9.31997221	6.040853271	1.307677104	1.307677104	1.307677104	1.307677104	10.3420193	8.395389903	1.307677104	5.544881553	8.87834795
CACP	2.68689769	11.22781993	9.178318499	2.832362516	11.53664855	3.179893854	7.498629299	11.01509078	10.752385	10.31474945	2.612130331	9.732255982
MALL	11.46092859	3.846669426	10.30601739	2.409682878	12.15077094	10.03104587	10.26904929	14.1457806	5.893987281	11.49303187	5.072160303	11.75279991
KRA31	11.57580268	10.87900676	8.944805394	12.98776775	11.59546913	10.53794329	9.353032366	12.57370273	2.688353455	9.436131744	3.444161633	2.942653335
ATP5L	4.953428039	9.145437647	11.61125639	2.096146189	9.917888705	10.86247148	11.14321759	10.15763297	6.446506333	1.307677104	3.224664234	9.701964812
LYPD3	7.395723189	2.832942904	12.33201251	7.545593578	11.6141012	12.06244885	10.58587601	13.61149119	12.91056025	6.981080331	2.798538486	11.1544027
CNBP	10.91722167	4.416376062	4.645752161	9.946203092	8.51008271	8.282372198	11.55639126	11.82566681	2.124622121	9.935605523	1.307677104	10.84217274
S10A7	9.721640868	1.307677104	3.260207739	1.307677104	7.98507203	5.165926474	8.502582377	3.376987041	9.183094394	8.367915796	1.307677104	11.83185968
EFC14	3.898211967	9.660106268	1.307677104	10.69727961	10.57305707	8.520442544	4.176346374	1.307677104	3.447681963	9.234521198	2.384258549	9.265640648
CISY	11.0118916	12.21900387	9.408310245	12.00017081	8.876123817	12.4641558	13.10173447	4.056457749	2.124622121	11.80802986	5.652582023	13.04330015
UD110	4.737770053	6.96302237	2.406119777	9.294608114	11.04556453	8.118053272	1.307677104	1.307677104	1.307677104	1.307677104	1.307677104	8.307626846
G45IP	1.307677104	1.307677104	7.308271118	1.307677104	5.353451922	8.762335048	1.307677104	10.97388683	8.784848733	2.197285084	8.64301876	8.343392085
IQGA1	11.84295824	8.68225113	10.10766947	7.924390898	11.54123731	2.67468824	1.307677104	11.37408885	3.998204437	11.11686558	10.93210105	10.37567405
PRP8	8.499007102	7.411851662	7.118039093	10.19875835	9.728685977	10.61996685	1.307677104	9.151161757	1.307677104	1.307677104	10.5090196	4.482121333
KRT84	13.19746392	9.853510777	12.39002477	14.28164975	9.370947783	8.015004934	6.569187	10.09009071	2.124622121	11.10227734	3.339115988	11.11930437
NO40	10.18860627	10.06035436	10.62286357	3.137922601	7.821148675	10.71411852	11.4742582	3.376987041	4.826574296	4.335597294	1.307677104	10.93560345
RL23A	11.33270202	11.15721427	5.185945867	3.994210137	11.05602367	12.27061405	1.307677104	5.756652592	5.057389412	9.269005413	3.444161633	4.791988699
LPPRC	9.797771834	9.660106268	2.827627227	7.977426349	10.13607199	9.411105608	11.19593668	10.40002298	10.70878035	1.307677104	9.082067317	1.307677104
MAL	9.222215337	12.16426047	3.838912523	10.77609571	7.102307176	13.04957988	12.36388253	13.63412635	10.58714509	8.92133394	1.307677104	9.16040997
CX6A2	9.432965475	1.307677104	10.73799285	9.960541753	9.555783657	10.85689571	9.918762356	10.25336375	2.883909261	3.191789112	2.958179789	9.672586869
TRHY	7.53512518	9.139628111	1.307677104	8.943437099	11.42158689	5.533318326	11.35785144	13.60324549	6.044339556	8.803944965	2.384258549	10.99177147
T4S1	6.826276213	10.20552385	11.13711283	9.668353167	9.813641199	1.307677104	9.939935496	3.517055674	11.77535893	7.458525222	11.57404437	2.157288903
MYH14	5.115389384	8.364634232	2.827627227	10.9111298	10.20276034	9.502821142	9.137081226	12.88475168	2.124622121	10.50807012	2.612130331	4.791988699
TM11D	5.063418931	6.795715572	13.72192583	11.15169892	10.87065281	7.118556849	11.82392959	1.307677104	9.955590316	9.922667543	3.631860602	6.001275925
ACTN3	3.195681214	1.307677104	9.085402449	8.93228791	4.886918645	1.307677104	11.38807204	1.307677104	8.071734319	4.705294714	10.70951759	7.026529536
KLK13	6.193539441	10.90606508	12.16136512	6.774722447	10.31888618	10.14116485	1.307677104	15.01303765	11.9171241	6.298336382	6.033195595	10.34071187
ARHG8	2.512782145	3.138595095	3.376216502	10.04370396	11.06122494	10.43609354	9.816074562	10.37076539	6.25942083	2.547311507	2.612130331	3.521828922
S10AB	7.406139912	9.928427355	4.959000894	1.307677104	7.215764088	9.833234106	10.21387716	12.6158766	10.70314774	8.927103915	2.612130331	2.493024408
SCN4B	10.0601312	10.10575724	12.09315047	1.307677104	5.126930369	8.419822827	9.701143388	3.219779621	11.32271387	11.99268456	11.80810719	11.85303482
FRIL	11.29502175	8.636231384	10.84932717	3.994210137	1.307677104	2.437007775	5.061239889	4.745509117	2.448549528	11.08108532	3.796326033	3.114599165
RL32	10.84442072	9.75941584	4.555285181	1.307677104	10.97227264	11.21314855	10.10781662	6.677275649	3.050922541	11.42023592	3.87160932	10.06416471
K22O	2.68689769	10.79956738	4.555285181	5.46685128	9.469336802	13.71125497	9.341846591	8.747890723	3.328738606	10.47988756	3.71660817	11.52779468
RL24	2.836538287	10.2239433	11.11132426	9.75696084	5.60280085	12.02066985	10.02515168	3.759186026	1.307677104	10.22743008	5.274927053	10.30286439
PEPL	9.31494863	14.04762863	5.55396654	13.67632579	14.21858536	9.417853635	9.301998923	10.87779187	14.5864272	12.99850294	2.958179789	12.95326407
TM38A	10.77479954	1.307677104	11.91729606	11.67921187	6.602361722	11.78231404	11.98118631	10.68788653	12.15798858	11.48620851	3.339115988	9.852959336
RL34	1.307677104	10.33487203	11.75394014	10.77921031	9.941513457	6.215102824	9.879333881	12.52338168	4.984529025	10.86515734	3.444161633	5.121735565
GTR5	10.40721238	2.6428215	9.708802979	6.13029278	4.700991947	9.767392592	11.27696372	3.039919248	2.448549528	1.307677104	7.698712602	2.157288903
ACON	12.51543938	11.48005069	11.61714626	6.32036647	11.63652194	7.809676956	12.99644301	5.956942267	6.02638285	11.68998022	2.077554067	4.538717401
COX3	2.968667106	3.138595095	5.458099449	5.281776099	3.063220107	4.118130377	2.709086655	2.56710012	3.197562257	15.6161599	2.612130331	2.157288903
AAAD	8.398264768	10.28486664	10.94057474	9.759486318	9.251419624	2.116159092	1.307677104	5.206886536	3.838427792	3.347297238	1.307677104	8.009199753
DBNL	10.61732224	1.307677104	10.97011265	7.737176849	8.528688987	1.307677104	7.34273757	12.4329603	2.883909261	8.838033147	8.741196098	7.139370533
MP2K2	9.701699212	2.6428215	6.024237442	9.485182247	9.523680197	9.810337489	1.307677104	11.73332719	10.5349909	1.307677104	6.064695898	7.483707036
BZW1	8.385162518	3.266693816	11.57789227	11.13720675	6.363967882	10.59710969	9.49106587	13.62222109	6.612061225	11.02972181	1.307677104	11.12045
AT1A1	3.836121449	10.45044609	3.9149904	11.4506109	11.97834223	8.97630571	8.948391465	2.211898723	12.28336784	8.275953382	2.798538486	8.014139661
RS24	11.10433209	11.15912987	3.987056187	11.41661264	8.481715434	11.20926406	11.17507965	4.142789708	4.740487386	12.22881195	2.384258549	11.00857544
TM11L	7.287195488	9.272980434	3.987056187	8.434714846	6.704143212	3.975695784	8.627598891	12.9051134	5.316522198	1.307677104	1.307677104	1.307677104
SODC	2.68689769	2.09646585	9.883398942	9.468299615	3.268851914	9.735336922	1.307677104	2.211898723	2.883909261	8.172878043	2.958179789	10.14857108
AL9A1	5.642959718	1.307677104	11.7739277	9.397100205	8.665285503	12.88736022	3.356869179	10.2462212	5.952226754	8.906807221	2.958179789	9.487860832
RS20	9.330068697	8.518800758	12.57938867	8.456670024	4.088529065	7.151329064	12.44125582	3.376987041	3.998204437	10.1207024	12.60398431	2.942653335
1433S	13.1327974	8.819394022	8.759240502	1.307677104	7.699138415	13.06779477	11.05350035	7.774237147	5.703612466	4.953356032	2.958179789	8.63392297
TOLIP	8.258686817	9.681589199	9.548346796	1.307677104	1.307677104	1.307677104	8.67293758	9.422285352	11.02096919	9.105617917	6.736999946	9.444608282
ENOB	10.99603579	14.04885607	6.136709516	13.16573974	12.58211993	13.544376	14.6649005	9.328458831	13.7994628	11.96980668	2.612130331	13.67883031
GLTP	10.68570653	2.09646585	10.68619812	9.472923598	8.51008271	1.307677104	9.446506189	11.05037434	4.499153017	5.382622017	9.607647358	12.18248312
NIBA2	13.05489348	12.53372761	12.96635651	12.06973966	5.860021323	12.35390176	10.37069155	4.508787378	13.45488169	11.52762255	3.444161633	13.15247225
FABP5	12.18344727	13.37944437	12.34835084	10.77422372	10.72498415	9.96116201	10.02515168	13.6651413	2.688353455	12.17315187	2.798538486	9.611972958
IDE	1.307677104	8.046413128	9.467807851	9.074971273	8.528688987	9.816734197	3.224321626	10.43708728	10.87643424	8.756123597	3.098691955	1.307677104
IDH3G	7.717642242	9.713225428	10.43871121	10.01862236	9.024430152	1.307677104	10.26016427	4.632096037	7.671208153	6.958711783	1.307677104	1.307677104
LRC20	1.307677104	10.57476965	6.441955812	9.780776231	10.18160663	7.006590087	10.11221218	3.865635621	4.071618283	1.307677104	6.169813948	1.307677104
ENPL	6.119433852	6.375266956	6.338289794	9.226872326	5.753105316	1.307677104	1.307677104	11.46969019	2.883909261	9.998610195	2.798538486	11.00733739
EPAS1	10.66145992	1.307677104	10.2606997	12.12880094	10.30882949	10.09770037	11.31225485	2.828232304	9.004556317	10.21215195	7.423361607	3.736290179
RS14	10.89751871	9.634172697	12.35022418	11.62207506	11.32010244	11.47737868	11.17927525	1.307677104	12.64865789	11.13505165	3.339115988	11.58907652
BPIB2	2.01669322	8.482541248	2.406119777	8.3995242	1.307677104	2.116159092	2.466074274	2.56710012	2.688353455	12.51544401	6.954205341	2.157288903
MDHC	10.41561293	9.373753816	10.55878225	12.05978476	9.560312099	11.2485927	1.307677104	9.889237715	12.54285625	11.79310025	2.384258549	10.33183731
HIPK1	9.720598151	8.384421087	11.35013505	3.765090794	5.815170517	10.35491111	9.46552659	10.95721582	11.16724086	1.307677104	10.81270333	2.740933516
PFKAM	12.12337146	12.02256676	2.093538931	12.34558297	6.68767108	11.89269881	9.214759445	10.64689103	7.855168305	12.04734767	2.798538486	9.736745296
SH3G1	8.725887813	9.086261861	11.24038693	6.40028891	9.550103042	10.48510857	1.307677104	3.759186026	2.688353455	10.21687017	10.11733747	2.740933516
P63	2.01669322	7.837386921	2.093538931	9.778287781	7.556807031	2.116159092	4.032201252	11.11780158	10.68968149	8.658916751	2.798538486	9.282115106
MYOM2	10.47246652	10.23306557	9.665323448	12.43932874	10.05014171	9.96116201	11.33499824	5.125787658	11.89937731	1.307677104	3.224664234	6.35313625
RS4	11.85346083	4.858724017	2.827627227	12.42687123	8.123098591	5.942653853	8.160282213	9.707016717	3.328738606	11.47098381	12.3788811	4.593129588
ZC11B	1.307677104	1.307677104	10.63452557	9.403573272	9.653326613	2.67468824	7.184724112	8.291693339	11.27225288	4.907085998	8.183725661	9.738238636
EIF3E	6.670758929	10.75782878	11.02117614	8.673051848	10.58754904	6.845680626	10.93257865	11.82166812	2.883909261	10.61916645	2.612130331	2.493024408
CLD4	11.22982608	5.391506312	11.00488364	9.62192124	10.13379507	8.482321023	1.307677104	11.20818032	10.5349909	1.307677104	9.134889607	9.334393759
RS16	11.29256795	9.253387978	12.70230592	9.344242711	11.43828937	5.55803293	10.85208424	5.491894489	2.883909261	3.929266911	2.798538486	9.993393684
CY1	6.544371138	2.410119678	2.989807412	2.096146189	5.414962845	10.27633185	11.42564113	4.99478912	9.307098845	10.36024064	4.010756682	11.35703824
ERAP1	10.44368801	2.832942904	2.989807412	1.307677104	4.561939472	3.310156144	5.936627767	9.583992339	2.883909261	10.81780377	4.137113892	10.80987112
ATPO	10.18331779	10.57476965	7.186765764	2.096146189	1.307677104	6.334148264	10.48101806	4.300851073	2.883909261	9.582239557	2.384258549	3.521828922
PUM2	8.679417997	1.307677104	1.307677104	7.915358922	6.300361882	9.082048999	1.307677104	10.08342647	9.646355439	9.179990642	8.716652317	2.942653335
SIL2A	1.307677104	9.059845442	10.21299738	8.336642022	2.006072899	1.307677104	3.476991521	9.576418244	2.124622121	2.197285084	3.87160932	8.17717041
SIL2B	1.307677104	9.059845442	10.21299738	8.336642022	2.006072899	1.307677104	3.476991521	9.576418244	2.124622121	2.197285084	3.87160932	8.17717041
ACTD	9.105642506	10.64069231	1.307677104	2.409682878	2.006072899	1.307677104	5.200518728	3.964362386	2.883909261	10.60753599	1.307677104	3.633371943
ACTE	9.105642506	10.64069231	1.307677104	2.409682878	2.006072899	1.307677104	5.200518728	3.964362386	2.883909261	10.60753599	1.307677104	3.633371943
ACTS	8.812608286	8.423198721	2.989807412	5.53939407	12.39626561	12.67546907	13.22519298	10.92179095	4.600682305	7.368081802	3.444161633	8.748024712
ATP5H	9.802707189	1.307677104	11.02169865	4.062790101	8.153389576	10.09454508	10.93754091	11.31330365	10.85690883	5.738987206	3.541351041	11.44927874
KPB1	3.898211967	5.310783082	8.522798885	8.675728502	6.256341241	10.07012245	11.39440189	7.787420217	10.58943682	1.307677104	2.612130331	1.307677104
XIRP2	8.068521524	9.869978615	11.93543437	11.04187928	12.44467717	13.05743373	6.348320007	3.219779621	8.305310882	8.746366107	9.070492165	1.307677104
CBPD	10.96643303	10.73617697	10.41185585	10.53282068	9.211670913	7.789002842	10.6355789	2.56710012	2.688353455	10.52433855	11.2656173	2.493024408
CING	1.307677104	8.953481447	9.193238917	1.307677104	9.361897279	9.477206228	7.608513946	9.580210262	3.657310466	1.307677104	2.612130331	5.261834558
CML11	1.307677104	2.995584034	1.307677104	1.307677104	1.307677104	1.307677104	1.307677104	1.307677104	1.307677104	1.307677104	1.307677104	13.73469732
PRLD1	6.352919278	10.02297436	7.208965459	9.301556638	1.307677104	1.307677104	1.307677104	2.828232304	6.25942083	10.10551713	10.34656496	6.222523865
GYS1	8.061949484	8.97103553	11.64114846	9.310195493	7.786776891	12.1672824	12.63526832	3.219779621	10.16982798	1.307677104	8.136396013	12.66551022
GSTA2	1.307677104	11.54008534	6.987132288	7.597340216	8.197665783	7.951308225	11.13622041	2.211898723	2.448549528	6.46638889	3.444161633	10.54222694
CQ10A	9.395560681	4.191428749	8.084464828	10.88013406	9.244401489	3.034333352	10.9760334	7.205273063	3.050922541	2.547311507	2.958179789	1.307677104
VAT1	9.977867677	9.388525532	9.930906471	9.083059263	10.01263206	1.307677104	8.913557189	12.37928784	11.01870353	1.307677104	10.76263232	10.00584593
AT2B4	1.307677104	8.254260323	10.38449108	8.856459774	7.964717995	2.116159092	4.426352673	11.17659293	10.44167342	2.547311507	3.541351041	5.358580752
ERR1	6.901849612	9.798039254	10.212082	9.491272731	7.373362259	1.307677104	8.675910091	10.1059604	9.238662202	1.307677104	6.954205341	1.307677104
PURA1	7.491769687	1.307677104	2.827627227	11.38711134	10.0533578	11.29835057	3.476991521	2.211898723	4.984529025	5.685404752	2.958179789	6.41425266
NDKA2	4.314193436	1.307677104	1.307677104	1.307677104	7.169076152	1.307677104	8.246787779	8.056045715	9.552370497	1.307677104	8.442093261	8.581641839
GHITM	10.60437866	5.391506312	10.19272363	10.97608644	10.12694267	1.307677104	9.409483062	9.587764527	3.998204437	12.04569115	11.22355889	4.084063995
M3K20	6.834014374	6.755743302	9.401902188	8.082024416	11.67826275	10.43359852	11.67069316	5.391543894	5.484087162	1.307677104	1.307677104	4.482121333
RS15	8.160597105	1.307677104	9.526422123	10.97934	10.42883553	9.643324315	10.86776676	13.47022984	3.328738606	11.25459335	11.98550353	10.86422434
ACADV	11.87095367	11.28068627	10.56237808	9.308471855	7.418965372	6.618371871	10.96027187	9.230517878	2.688353455	2.804945452	13.36316848	12.62148152
RHOA	10.60041615	7.277191022	1.307677104	6.908232372	11.22026542	10.4168539	10.16605561	12.54609819	2.448549528	10.24023254	11.31468406	8.811823514
CE350	9.723724044	7.758707237	3.482625525	8.17198401	8.041229313	1.307677104	9.607728875	2.828232304	11.41346625	4.106331732	2.384258549	2.157288903
DDX3L	5.413719468	1.307677104	2.406119777	1.307677104	7.533961664	12.38888079	8.278424143	2.56710012	4.071618283	6.002547666	1.307677104	1.307677104
SAL	2.836538287	1.307677104	1.307677104	6.83346146	1.307677104	2.868622433	1.307677104	1.307677104	3.050922541	13.28225019	1.307677104	2.157288903
GSTO1	2.300774891	9.124020657	1.307677104	10.45393708	2.495356938	6.894899568	5.415727146	13.19049389	5.726054401	6.631085561	4.760273389	8.693641946
GDIR1	9.084723705	7.753644284	5.093064582	9.408409084	10.62909417	9.750117572	9.496119916	2.56710012	11.36880354	2.547311507	9.675438643	1.307677104
PHB2	10.28345383	4.654771061	10.61803404	9.498849854	1.307677104	9.496459925	10.48779976	3.219779621	2.883909261	9.931305742	5.882227954	10.43673103
RS18	11.63039878	10.51319799	12.02702522	12.04640381	11.85867066	11.30382536	2.13748346	10.74727497	13.81341779	3.929266911	12.00311516	12.15591238
EIF3C	11.07973969	8.585849409	10.65622506	9.662967517	5.102171673	1.307677104	7.28159398	11.69143094	2.688353455	10.05766365	3.339115988	7.111977408
WDR1	10.08303034	9.409598925	5.902219932	7.521985314	4.943856143	1.307677104	10.3852932	10.27692006	4.141326566	1.307677104	10.35055837	10.1630977
SCOT1	3.63066857	7.564217148	3.672606353	3.265985777	8.325543969	3.729710119	5.200518728	2.828232304	11.74209897	11.25688599	12.2677615	7.016714998
CYC	10.8789456	1.307677104	10.82797607	10.93142975	10.75294658	9.623028529	11.99344968	5.86028309	3.657310466	10.35703842	12.05420607	11.34826387
NT5D3	1.307677104	2.09646585	7.070331055	9.681729981	8.613932359	8.365007632	10.67918924	1.307677104	2.688353455	9.589534385	7.551032729	8.13697565
DHE3	10.25060058	5.254322629	2.827627227	10.01016398	9.764448595	8.475868331	4.367913122	2.828232304	8.483462876	10.03112044	11.34262098	1.307677104
ECHB	12.16248334	4.820210792	9.450835736	10.91453303	4.187408826	4.920437368	12.52688224	3.039919248	7.870327653	7.253323474	4.075379218	11.78241458
RS10	11.01402097	10.74194003	11.46293519	12.25318114	11.52163346	10.91349843	10.15863742	3.759186026	3.657310466	3.929266911	12.06275091	12.67645666
RL37	2.01669322	9.862943975	8.236260132	2.994953364	3.360272071	10.29843984	2.13748346	11.23127441	4.550830771	10.36449925	4.075379218	6.305534213
IF4G2	9.068423344	12.2932739	10.2974123	9.494308357	12.77026336	9.190453831	6.997763188	1.307677104	3.197562257	9.344246203	12.59811788	9.10361062
ISK6	11.92965834	11.2287323	11.41759774	11.52374139	12.24168098	2.437007775	5.812239551	7.398101876	8.821705249	8.482067554	3.71660817	12.95535211
IDHP	4.268520046	2.09646585	9.533767431	6.360882068	9.292826228	12.76667224	9.022655961	4.300851073	10.45094547	9.008274454	3.098691955	11.6128785
CDSN	1.307677104	10.91629492	11.06796642	10.36137433	9.57493213	13.06900096	4.30693081	14.22920233	9.409225247	9.965350423	8.44806951	9.626560733
NB5R3	10.75914319	1.307677104	11.40403461	7.831420425	7.458325185	8.286065214	7.945529963	12.87610174	11.8131083	3.014006449	6.756404238	10.7948808
MLRN	7.590976655	7.50518829	2.406119777	8.654174906	8.883370591	9.881630914	1.307677104	2.56710012	9.112608625	11.52999417	11.01142558	10.08778519
KLK10	10.19987386	3.99508647	10.05657085	7.467409823	13.05400905	12.47390213	10.17133106	7.263047574	12.96717273	5.601084723	3.224664234	5.08445402
SQSTM	10.09514984	11.30641028	11.5404603	8.573227309	10.72951483	10.89487652	1.307677104	11.23308198	9.144130584	10.68193676	2.612130331	11.77552231
UTRO	2.300774891	1.307677104	7.518390824	3.137922601	10.08983648	9.586060286	9.409483062	2.56710012	3.920648455	8.002983371	1.307677104	2.157288903
H33A	10.3093469	10.37415957	12.0199814	7.826610806	9.140873756	2.437007775	5.627631851	3.039919248	3.197562257	7.859481582	11.45557122	11.20225681
H33B	10.3093469	10.37415957	12.0199814	7.826610806	9.140873756	2.437007775	5.627631851	3.039919248	3.197562257	7.859481582	11.45557122	11.20225681
H33	10.3093469	10.37415957	12.0199814	7.826610806	9.140873756	2.437007775	5.627631851	3.039919248	3.197562257	7.859481582	11.45557122	11.20225681
CLCB	10.25780651	1.307677104	12.08091797	7.946726459	9.006289644	8.705557265	8.250780478	3.039919248	2.688353455	8.665835082	10.12668233	11.07567286
ALDOB	1.307677104	2.410119678	1.307677104	1.307677104	1.307677104	7.03321111	1.307677104	1.307677104	3.556653711	7.003107091	12.16357036	1.307677104
PAHX	1.307677104	5.696718893	2.406119777	1.307677104	4.138850052	6.015753515	8.475542097	5.206886536	4.141326566	10.48184896	11.85636948	9.119741152
S61A1	6.342101933	8.173162157	10.5089677	9.605170055	1.307677104	9.63899919	7.304827704	11.47987544	2.688353455	9.834851145	11.06684738	3.114599165
RL14	10.49276396	11.10550132	11.87338952	4.190516315	2.495356938	11.27391861	8.960631208	5.039805034	9.702484243	11.1810483	3.87160932	11.30256424
SHLB1	1.307677104	9.549075553	10.25092809	1.307677104	10.3765138	7.937285123	9.682051369	7.082277908	2.688353455	9.411646814	8.557153067	9.747166354
MPCP	8.832050032	7.226922891	10.31627622	11.85392594	10.8476821	5.69799848	12.3404231	3.039919248	12.93449445	10.27797206	2.798538486	6.305534213
HSPB1	9.048616639	12.75203992	2.406119777	11.23163477	11.80744836	11.42684199	11.66397231	7.954516908	11.75099804	11.14374976	4.252910332	5.046172568
UBP24	6.980645317	9.039190777	1.307677104	7.89712351	1.307677104	9.942564164	8.202122851	2.56710012	4.740487386	9.344246203	10.40456753	2.493024408
TGON3	5.625194823	8.482541248	1.307677104	1.307677104	8.784263961	1.307677104	1.307677104	1.307677104	1.307677104	10.16043198	1.307677104	4.005045296
THIO	12.03050019	11.40938395	11.04758593	10.11248818	11.65833557	11.87288419	11.70964878	13.25136507	3.197562257	10.81157884	2.384258549	11.38495356
PTN13	9.107239151	9.641042647	8.158561904	3.765090794	10.35582366	8.118053272	1.307677104	1.307677104	10.72207031	5.27773543	6.876538007	2.493024408
COX6C	2.01669322	2.410119678	11.98825262	10.64633647	10.07804231	7.714216561	9.790247505	11.22644312	4.499153017	10.28585205	8.060406533	11.08097885
CMC1	9.673956103	11.18568458	3.132434982	11.97702919	11.01331151	1.307677104	8.72839379	10.9158013	5.510204564	10.23442732	9.556012054	5.666119093
RTN3	1.307677104	10.19715775	6.843140046	2.994953364	7.180890627	1.307677104	3.224321626	11.38334243	4.141326566	8.803944965	9.600957903	6.205331563
CTNA1	11.65353037	10.34836697	2.827627227	8.18331485	11.42500497	6.508786206	9.527724156	2.828232304	2.883909261	9.344246203	3.541351041	9.373357252
RL30	10.5850294	10.50719461	11.82091751	11.08379542	7.971534637	10.38793427	2.13748346	3.517055674	12.44564252	10.66994342	4.7209859	10.87851466
ZBT7B	10.16427051	5.225234294	9.4320901	9.012821269	1.307677104	9.984077159	9.104358493	9.896859626	9.331035382	1.307677104	3.71660817	10.06297347
K1C14	10.47988049	10.81301338	9.001003676	8.508638604	8.395641057	11.43393306	1.307677104	3.219779621	2.883909261	6.262237377	3.87160932	9.208608036
DNJB1	4.737770053	9.481787716	10.07682578	1.307677104	8.999636127	8.798982243	5.60279334	11.6005381	4.389731926	3.831347969	8.629934573	1.307677104
CX7A2	1.307677104	1.307677104	9.915243813	8.648735812	5.151267186	6.979468218	1.307677104	10.72689423	8.185185935	8.316085792	7.668315092	9.428048303
BASI	6.770913613	6.572285684	11.59660101	6.360882068	3.80495569	9.995399672	6.377852817	12.27932314	4.550830771	1.307677104	12.04067538	8.889143108
BARX2	11.80287817	3.489639408	2.638077196	11.18307834	8.679925506	9.42958726	9.926270763	5.585679367	11.30422978	9.218142058	2.798538486	10.78190681
AK1CA	4.704103295	5.818319509	11.30190775	5.911236764	7.727605209	10.67099155	8.444503343	3.039919248	3.050922541	10.22157301	12.08209399	12.88513613
DAG1	8.683704928	1.307677104	10.62699034	10.38118826	8.591983679	10.70103866	8.402051327	1.307677104	3.050922541	9.148232082	7.757650645	8.791828289
ACT1	2.300774891	8.232590939	8.166144689	2.409682878	10.84953328	4.184200037	5.200518728	3.964362386	1.307677104	10.60753599	1.307677104	3.114599165
SEPP1	2.512782145	7.197391315	5.124700826	11.92763805	11.22133809	9.577045144	8.206240933	1.307677104	6.693905858	7.847360154	11.85243219	10.07247594
HMCS1	11.43732174	6.53733904	4.24269555	1.307677104	9.642689918	10.72163722	1.307677104	8.820221381	4.740487386	6.713569208	9.704436276	8.881054322
KCRM	12.42471406	13.78159909	10.95213368	10.9190582	14.51550469	16.10861762	17.22528643	9.17643265	4.389731926	13.28351576	12.6364026	15.5168245
IMDH2	8.211960435	9.005515605	11.92010145	4.362496858	6.026619075	1.307677104	6.40679215	9.666568605	3.328738606	2.197285084	2.384258549	2.493024408
DESP	8.943499899	5.875466784	13.05351138	12.24013014	12.89538326	13.99800914	8.274507334	9.553454408	3.197562257	7.12863601	9.942110751	4.881856349
RS4X	11.85346083	4.858724017	2.827627227	12.42687123	8.123098591	5.942653853	8.160282213	9.707016717	4.648834748	11.47098381	12.3788811	4.593129588
NDUV1	6.617944184	8.530687518	11.7921116	12.16544567	2.495356938	12.08063589	11.68145578	5.125787658	4.648834748	7.726822045	12.19278092	6.272902137
UBB	4.737770053	4.739902188	11.51396494	3.679221374	11.50234801	4.994992504	9.592078939	2.56710012	7.228957337	2.197285084	2.798538486	2.493024408
ALAT2	4.014524025	9.556361872	12.10626581	10.62017405	11.13896762	7.382829321	11.24479666	3.039919248	4.499153017	2.804945452	10.31421338	8.456584349
STAT6	2.300774891	5.195541998	7.73272521	7.821785094	1.307677104	1.307677104	7.505330135	1.307677104	9.662408988	8.634437919	9.95160677	8.684375443
SERF2	1.307677104	6.53733904	4.120765444	1.307677104	9.032601027	1.307677104	1.307677104	1.307677104	1.307677104	7.912801651	6.571573671	10.01203198
RAC1	9.278567446	7.486997987	2.093538931	2.096146189	1.307677104	8.462875705	6.804791309	1.307677104	11.49884614	4.469902532	6.995611656	8.090960541
4EBP2	10.73301045	11.00097287	4.923417649	7.807210324	11.3422938	6.653123339	7.627065205	3.643610544	4.20769823	10.83324959	3.631860602	1.307677104
COHA1	11.28447596	11.49983729	7.23804318	10.71625391	7.614564864	2.437007775	10.56678691	13.38377982	12.72394846	9.693056797	3.224664234	8.934142125
NUCL	10.37045552	11.49567424	11.97832714	2.832362516	11.82754568	11.43018331	10.85076963	12.98630555	2.688353455	8.877307441	11.3609495	11.57117322
CNN2	7.887090546	1.307677104	5.808254958	3.679221374	2.006072899	8.716545769	1.307677104	1.307677104	10.1657383	2.197285084	8.676492454	7.999268893
SYEP	1.307677104	9.383618413	7.840915675	9.0647971	7.880301994	1.307677104	9.849368013	12.48496027	3.998204437	9.187221309	5.452492666	6.187931438
S10AG	12.32000254	3.99508647	10.74497139	12.27408521	5.454550501	11.96099326	11.28379913	7.692503402	3.447681963	11.2891663	11.9483049	12.47288199
PRS6A	9.330068697	8.913185913	8.203471984	6.784680036	1.307677104	10.88821054	1.307677104	2.56710012	10.32457887	6.02427505	9.95894959	7.285474118
CGNL1	8.794883836	8.703409769	9.01786407	7.850500111	8.724992908	1.307677104	1.307677104	5.245773477	3.197562257	9.043229588	10.534519	2.157288903
CRIS3	2.01669322	5.417433852	1.307677104	2.409682878	2.006072899	1.307677104	2.466074274	3.039919248	6.738668386	13.39075125	5.846412757	2.740933516
PRDX5	7.081591973	4.467390921	3.260207739	1.307677104	8.892378164	8.716545769	9.489377245	10.85371301	1.307677104	9.39508957	10.21519438	8.419831702
EIF3K	2.300774891	10.45435157	11.18688108	11.46731422	9.543256646	9.884069572	10.02631667	8.682364923	2.448549528	9.352845509	3.541351041	10.85117189
KAP2	9.36518942	10.23215594	2.989807412	1.307677104	10.75344102	7.52714249	6.051107453	11.85960555	8.41619692	9.578578264	3.541351041	10.48021646
ACOX1	9.925435674	1.307677104	5.768878542	9.65077579	7.283078337	2.67468824	2.13748346	3.376987041	9.685445264	9.278063672	9.91755531	3.521828922
RL17	10.49154191	11.45102569	12.9247781	10.66598813	11.19500726	11.54635996	5.097353579	14.08577675	12.82108235	2.197285084	12.62836607	9.491407353
NREP	2.300774891	3.680031809	8.495972885	3.587463135	8.024938201	7.118556849	1.307677104	10.90676995	3.050922541	2.804945452	1.307677104	9.783781707
BTF3	1.307677104	10.36837561	8.072409347	7.831420425	7.49663923	10.37498897	7.940594669	9.841061293	1.307677104	7.889346838	11.81216716	11.29649526
H2AJ	2.01669322	9.774489746	7.482394512	9.848765242	7.988436619	7.773300431	10.57078469	11.59726713	10.11255247	1.307677104	3.339115988	7.325772028
TMM94	5.607207315	8.344572186	10.10569933	1.307677104	1.307677104	8.740968077	5.471710201	3.039919248	8.062964568	9.220493352	9.160592738	1.307677104
VA0D1	8.796864008	1.307677104	7.0943824	9.448089307	8.758878264	1.307677104	10.22609596	4.056457749	7.440126533	9.027201626	4.459156613	1.307677104
TM246	8.638043897	1.307677104	6.561853508	1.307677104	8.015074478	8.382362188	7.379676287	8.685888866	9.853773464	9.232192676	1.307677104	2.493024408
EZRI	8.921888107	10.877844	2.827627227	1.307677104	10.05976854	2.868622433	9.298145869	6.153251177	3.328738606	9.952677629	7.600170036	9.500235698
CALM4	1.307677104	1.307677104	1.307677104	1.307677104	13.19290426	1.307677104	1.307677104	1.307677104	1.307677104	1.307677104	1.307677104	1.307677104
ZFAN5	3.836121449	11.6730539	1.307677104	8.573227309	10.83559121	8.166942142	11.08123038	11.18533307	10.89199029	10.61202034	4.975594375	10.50937006
TAB2	1.307677104	3.922890217	5.728392474	2.642303456	6.394747455	1.307677104	1.307677104	11.0059572	6.363167223	8.535925552	9.700686866	8.185952492
SYSC	9.769817427	8.984062324	9.433661574	1.307677104	7.988436619	7.410165133	1.307677104	3.039919248	6.319616467	1.307677104	9.522421606	7.166252899
AMY2B	1.307677104	1.307677104	2.093538931	1.307677104	1.307677104	9.30226155	9.748502553	4.85052041	2.124622121	1.307677104	7.482798388	7.44764221
CAH3	2.300774891	2.832942904	2.406119777	2.642303456	1.307677104	1.307677104	4.638500968	2.56710012	7.213187648	9.123317633	10.94483618	8.875636491
BAZ2A	6.515782854	6.321493014	1.307677104	9.838052235	1.307677104	8.872055814	9.050407456	1.307677104	2.448549528	7.895246394	8.878075372	3.265313205
GAL3A	8.537413312	8.524756382	5.301086177	1.307677104	7.378501074	1.307677104	8.79552778	3.643610544	1.307677104	9.192021698	10.67681126	7.425562298
US6NL	9.591943244	8.790024679	8.990364979	2.409682878	8.774553025	2.116159092	1.307677104	10.47831232	3.197562257	7.659088706	9.072427818	4.297223268
PP2D1	1.307677104	9.127938379	9.435231337	8.995785563	1.307677104	3.179893854	1.307677104	5.644961564	1.307677104	4.953356032	1.307677104	1.307677104
EIF3A	9.278567446	9.360495209	4.120765444	8.31620118	7.49663923	1.307677104	9.966882698	12.71685971	9.710928857	10.60843398	11.32161746	3.736290179
TOB1	9.126262307	6.927485157	10.68487912	5.892919214	8.445453428	1.307677104	11.07336175	11.03525969	9.453511833	9.123317633	9.656208202	1.307677104
NR1D2	9.099238199	6.388402451	1.307677104	10.02703144	7.813580974	6.606599266	1.307677104	9.247310113	1.307677104	9.56013111	3.87160932	8.291442033
NAMPT	8.655609415	10.21844211	8.682008952	7.968721423	7.204233065	1.307677104	1.307677104	9.140928135	10.93106586	8.655445103	6.571573671	2.157288903
KPCL	9.244150491	9.985679864	2.827627227	6.744430109	9.546683905	10.17042963	1.307677104	8.398644779	3.750908681	2.197285084	9.516746366	9.36371459
RL36	9.303851821	8.426383625	10.72970172	3.587463135	9.777148061	10.44520519	1.307677104	12.65325701	11.31719347	10.75593355	11.11975076	6.321577044
NACA	11.76114572	11.58673269	2.827627227	7.614184568	10.72447987	10.4493279	9.982572624	3.376987041	3.197562257	10.77924756	8.326817661	10.50411304
COX7B	10.3803933	11.03683748	11.0408998	10.36137433	2.006072899	9.880410038	10.94063367	8.296311608	2.688353455	10.47694045	4.551933483	10.58518015
GDE	11.32208538	7.112915047	4.507780409	5.716623169	7.198432787	9.86320839	11.09406496	3.039919248	1.307677104	5.790642663	2.798538486	2.493024408
KIF1B	2.68689769	9.905787671	9.798130747	9.289374669	10.85184391	5.09998827	10.99698252	3.517055674	4.984529025	4.650019417	1.307677104	6.925241059
RS7	10.74177407	11.37146997	9.513105581	11.76591881	11.24015831	11.9909987	1.307677104	14.21296049	13.04228856	11.29809911	6.593320785	11.31462615
FA83H	7.934632209	11.45960038	11.66475787	9.809089088	10.34076718	6.64163239	9.552194845	2.56710012	11.54050297	1.307677104	9.003085235	9.88297143
ANR23	4.704103295	6.560730735	9.909608539	7.188754376	3.360272071	11.29055889	12.51198951	2.828232304	8.412749858	11.46504697	4.551933483	10.62204633
C560	7.758862323	10.07260219	10.23659564	10.53208236	9.158901421	10.13605865	6.889211319	3.039919248	4.445506746	1.307677104	8.147456886	2.157288903
COQ9	10.5572633	7.974255615	2.093538931	10.59847394	10.08355826	9.267192772	11.37304087	4.948305047	3.920648455	9.994494416	3.098691955	10.74524345
AT1A2	4.80279714	10.75593134	2.827627227	12.03472312	9.01950532	13.6341258	11.42960897	5.523842266	6.147613563	9.452227169	11.57370277	6.62279343
F220A	4.704103295	1.307677104	1.307677104	1.307677104	8.2713319	7.594221769	7.669445462	1.307677104	8.106289678	7.234828694	9.370235131	1.307677104
TCPD	5.115389384	1.307677104	3.482625525	1.307677104	5.903514957	8.617433562	10.13399128	4.689937445	8.384872757	1.307677104	10.52111716	7.626040433
THEM5	2.300774891	8.310502673	10.43479311	9.268248946	9.352789639	8.092973099	8.612163715	4.745509117	3.050922541	1.307677104	1.307677104	5.449203125
CP2J2	1.307677104	7.670122364	4.458617828	9.379148039	4.561939472	1.307677104	8.412782026	1.307677104	8.388386999	1.307677104	7.980190143	1.307677104
TBB7	9.014988904	8.75751831	2.827627227	2.832362516	9.50500943	4.958202635	6.449139243	3.376987041	8.40929454	10.10297064	11.33094521	1.307677104
ODO2	10.02677447	9.688237534	8.014778586	11.4210062	9.702294696	9.564936647	2.13748346	11.0994224	2.688353455	9.752757451	2.798538486	8.327605795
ACBP	9.703811362	2.410119678	11.8444415	8.227768601	11.09633872	10.43276589	10.29344659	4.373641005	4.867737135	8.865336525	10.99977597	3.114599165
PINK1	7.055356417	11.93051832	12.2476479	11.4013311	8.328201821	6.245799662	7.633196307	9.90141352	5.160146799	11.26374212	11.96871387	1.307677104
PSA	1.307677104	9.730076396	3.376216502	2.096146189	1.307677104	9.307721621	8.663983122	9.508391709	7.446884315	7.316248658	2.798538486	7.30172867
LPIN2	8.358595507	4.516620596	2.406119777	4.515656064	2.286167449	2.116159092	1.307677104	10.32742857	9.896353981	8.409728849	4.307389232	1.307677104
ATLA3	10.46376845	7.884467723	4.120765444	3.137922601	1.307677104	6.457270954	7.675399391	12.46279363	10.99930041	7.418116311	5.219868123	9.884320893
RS26	2.01669322	10.52066724	13.13811134	10.84311006	10.75689733	10.21081654	10.59611144	7.432077913	12.10210558	7.271584035	3.631860602	10.79703184
IF2G	9.704866278	6.13140953	3.260207739	7.706089233	3.170297345	8.824600303	9.998093748	11.90755374	2.883909261	11.30753	3.098691955	8.168334534
SH3R2	2.01669322	9.185462236	4.959000894	6.734189497	2.495356938	1.307677104	1.307677104	10.55063956	2.688353455	8.118439944	8.913060881	6.816293872
RAB10	8.700726382	7.443639832	12.66900478	8.373380801	10.16460618	10.78041649	9.77785036	4.508787378	10.94783416	10.49064241	4.010756682	1.307677104
CALX	9.327331355	6.725019304	11.72983955	2.096146189	10.24977749	9.589052857	9.676125706	12.22948749	12.23661306	9.744611964	4.137113892	4.538717401
ACT	9.105642506	3.266693816	8.166144689	2.409682878	10.84953328	2.437007775	5.200518728	3.964362386	2.883909261	10.60753599	2.384258549	2.740933516
PERM1	8.963030254	1.307677104	5.244674214	8.094081365	10.07883159	10.51609797	8.756746912	7.64259492	10.46848288	1.307677104	4.19621677	9.689667988
PSMD2	11.07362761	10.99562265	3.482625525	7.695575985	11.4122235	7.430332224	10.39614827	9.235335637	3.050922541	5.864802779	3.224664234	11.84543367
NCKP1	6.456845808	10.09579048	3.581020933	8.065790097	8.00514284	11.40280846	8.568045372	2.828232304	2.883909261	1.307677104	3.87160932	9.660035967
SRRM2	10.3100403	1.307677104	4.993716922	8.87288095	9.996849756	4.714920026	1.307677104	10.31496625	5.657648297	9.013707604	6.717330815	3.114599165
S100P	8.558575772	11.90677215	11.73047896	9.646688877	10.34208269	10.29569479	10.7820849	3.376987041	9.587954161	9.744611964	1.307677104	12.14835033
PTGR1	6.240904975	9.411207276	2.827627227	8.835068396	11.56227252	8.99898385	11.02406098	4.373641005	1.307677104	8.289455292	3.339115988	8.397322091
GLUT4	10.56483621	11.64667182	2.827627227	2.096146189	9.782971861	9.650504165	7.832850155	9.561149706	5.510204564	11.10927273	4.19621677	10.08778519
ACT8	6.931003365	3.266693816	8.166144689	1.307677104	2.286167449	9.414483567	5.200518728	9.597152069	1.307677104	10.60753599	8.500770018	7.026529536
ITB4	2.68689769	2.09646585	7.615756175	2.994953364	4.667489102	2.116159092	8.086243474	11.8603854	2.448549528	9.365649117	2.612130331	7.139370533
ACTM	9.105642506	8.232590939	3.758320618	5.53939407	3.170297345	9.446185746	5.200518728	1.307677104	1.307677104	10.60753599	1.307677104	4.229734328
VNN3	8.467031161	5.856669015	1.307677104	7.127490242	10.74451513	8.876961512	7.28159398	1.307677104	2.124622121	8.118439944	1.307677104	5.358580752
GOGA3	3.836121449	1.307677104	2.827627227	1.307677104	5.353451922	5.741777575	8.189697596	1.307677104	9.015960285	9.051177282	9.516746366	1.307677104
SNX2	7.879635337	9.326805583	8.705615633	7.959963644	2.495356938	2.868622433	1.307677104	6.480169558	8.189221204	1.307677104	9.656208202	9.891049339
ARF3	8.58402637	10.25830529	6.503151698	2.096146189	11.36414897	9.056330906	6.421046637	3.219779621	3.998204437	1.307677104	9.243678502	8.681273334
CDN1B	3.473706062	8.73970668	8.808522777	1.307677104	2.286167449	9.829443149	8.857059353	7.845296852	9.734590269	9.614779663	8.955632383	2.493024408
UAP1	8.075063757	2.995584034	8.522798885	2.096146189	1.307677104	8.735576516	10.127492	5.083443675	6.934145898	1.307677104	2.798538486	9.146980682
BI2L1	9.018387171	5.195541998	8.679361982	1.307677104	5.784472998	9.130096167	7.089820005	8.510187257	7.588065986	1.307677104	10.64529816	1.307677104
TCPQ	2.300774891	9.435119823	5.215611519	2.832362516	5.874665896	9.590546819	9.23303818	2.828232304	5.286584731	2.547311507	10.82882396	10.41728607
PKP1	12.35838559	12.70331371	13.02238887	12.2778336	12.52041902	7.697673664	12.40387236	6.528107511	14.1217526	12.51950754	2.958179789	9.720215727
NDUC1	1.307677104	2.995584034	1.307677104	7.742293591	1.307677104	7.514603823	8.394852923	5.555093943	7.334765002	8.803944965	9.606311946	9.767785323
IF4A3	8.553899759	8.184493155	9.792017923	1.307677104	9.537526391	8.724732564	1.307677104	6.994035788	8.402358975	6.434310618	9.050991433	1.307677104
AP2A1	8.411249083	9.773239586	2.638077196	9.234154039	8.00514284	9.523303494	5.768263839	1.307677104	9.148281949	8.605943839	1.307677104	3.521828922
PPDPF	6.466837634	4.780624363	1.307677104	2.096146189	1.307677104	8.101381702	10.14261169	3.039919248	10.21604446	2.197285084	2.958179789	2.157288903
RTF2	6.81067413	1.307677104	9.433661574	8.216782934	8.814906835	1.307677104	6.95922892	9.133204995	3.838427792	9.043229588	8.73387671	1.307677104
MSPJ	1.307677104	1.307677104	1.307677104	1.307677104	1.307677104	1.307677104	1.307677104	12.8805293	1.307677104	1.307677104	1.307677104	1.307677104
TM164	2.300774891	1.307677104	9.555581596	8.550073719	4.943856143	2.437007775	1.307677104	10.93517742	2.448549528	3.347297238	4.872005154	2.493024408
CD99	3.387559441	6.735333587	1.307677104	2.409682878	8.51008271	8.694484417	8.468702081	1.307677104	9.862643372	7.659088706	2.958179789	9.440944679
MLP3A	9.055249135	3.489639408	7.426657184	1.307677104	4.187408826	10.72163722	4.947065464	8.432602885	3.328738606	9.545201647	3.224664234	10.96396079
COPB	1.307677104	8.649919662	3.260207739	2.096146189	7.971534637	6.215102824	8.376698174	10.43499478	2.688353455	9.194415915	5.191522829	1.307677104
AAMP	1.307677104	9.020345309	9.894852972	10.07242513	8.981179129	8.804142379	1.307677104	3.964362386	9.042967533	8.311681377	9.486579454	10.26192228
CDD	7.421625258	3.765920204	7.223577617	9.804204857	1.307677104	10.20692576	7.716402575	5.039805034	8.031843623	9.890544135	1.307677104	2.157288903
AN32B	9.013286764	1.307677104	10.37470765	7.802319155	9.03097055	9.414483567	8.967925516	2.56710012	3.328738606	10.16654207	10.46106695	10.36411388
HXK2	10.74074581	9.50305998	11.3074895	8.529504925	8.215002618	8.282372198	12.66791936	3.376987041	11.27842116	9.051177282	10.89430161	1.307677104
AMPL	1.307677104	8.203182575	10.22211937	4.466433694	9.646954012	8.708312248	1.307677104	8.997998298	10.41693937	4.650019417	9.546295368	8.366752253
BRK1	8.966552994	10.02717584	4.05552956	8.967666167	3.268851914	1.307677104	10.62022989	8.083024619	5.374582189	3.347297238	5.752763939	1.307677104
FAN	8.431783916	1.307677104	8.715984758	5.999479825	1.307677104	9.280212237	8.059177549	8.823424517	2.883909261	1.307677104	8.151125076	8.355119455
ACTG	10.41109564	6.19261428	8.166144689	2.409682878	2.286167449	9.676059726	5.200518728	2.56710012	6.114005768	12.71997565	8.500770018	7.026529536
PURB	7.530371768	9.38689168	5.902219932	1.307677104	9.499124911	8.084515192	6.302853123	11.66221237	7.538311604	1.307677104	5.917172537	2.157288903
TET3	6.405819749	1.307677104	8.127825752	1.307677104	9.889378625	9.421215849	3.476991521	1.307677104	8.674038786	3.191789112	3.444161633	2.942653335